algorithm,operation,iteration,cycles,ms,cpu_ms,sig_len,epoch_start
Falcon-512,keygen,0,23088603,12.863678,12.849222,-1,1786043103.297
Falcon-512,keygen,1,23989684,13.348807,13.344444,-1,1786043103.297
Falcon-512,keygen,2,23087551,12.851623,12.847333,-1,1786043103.297
Falcon-512,keygen,3,55266078,30.746260,30.742111,-1,1786043103.297
Falcon-512,keygen,4,26790441,14.935436,14.910205,-1,1786043103.297
Falcon-512,keygen,5,39685300,22.087765,22.080352,-1,1786043103.297
Falcon-512,keygen,6,35102226,19.532415,19.528296,-1,1786043103.297
Falcon-512,keygen,7,29585289,16.507194,16.465962,-1,1786043103.297
Falcon-512,keygen,8,23999237,13.358196,13.353815,-1,1786043103.297
Falcon-512,keygen,9,37899865,21.111858,21.093925,-1,1786043103.297
Falcon-512,keygen,10,28727881,15.988084,15.983963,-1,1786043103.297
Falcon-512,keygen,11,27698749,15.409455,15.405241,-1,1786043103.297
Falcon-512,keygen,12,29656423,16.506491,16.502426,-1,1786043103.297
Falcon-512,keygen,13,30560457,17.010249,17.004667,-1,1786043103.297
Falcon-512,keygen,14,29619100,16.481435,16.477185,-1,1786043103.297
Falcon-512,keygen,15,27774188,15.455343,15.451092,-1,1786043103.297
Falcon-512,keygen,16,59298271,32.994907,32.990537,-1,1786043103.297
Falcon-512,keygen,17,46184009,25.697022,25.692944,-1,1786043103.297
Falcon-512,keygen,18,35144010,19.549841,19.545630,-1,1786043103.297
Falcon-512,keygen,19,33387889,18.581453,18.576796,-1,1786043103.297
Falcon-512,keygen,20,46134889,25.665948,25.661685,-1,1786043103.297
Falcon-512,keygen,21,25895167,14.418159,14.413926,-1,1786043103.297
Falcon-512,keygen,22,27726070,15.429084,15.424852,-1,1786043103.297
Falcon-512,keygen,23,23995197,13.351640,13.347352,-1,1786043103.297
Falcon-512,keygen,24,24033334,13.377325,13.373296,-1,1786043103.297
Falcon-512,keygen,25,40410069,22.479672,22.475333,-1,1786043103.297
Falcon-512,keygen,26,27809552,15.475639,15.471296,-1,1786043103.297
Falcon-512,keygen,27,23087933,12.847881,12.843630,-1,1786043103.297
Falcon-512,keygen,28,43460633,24.182486,24.178203,-1,1786043103.297
Falcon-512,keygen,29,24943486,13.883584,13.879389,-1,1786043103.297
Falcon-512,keygen,30,28557596,15.890620,15.886408,-1,1786043103.297
Falcon-512,keygen,31,42542538,23.668245,23.664148,-1,1786043103.297
Falcon-512,keygen,32,35229422,19.610415,19.606370,-1,1786043103.297
Falcon-512,keygen,33,34972360,19.455656,19.451388,-1,1786043103.297
Falcon-512,keygen,34,25906184,14.459825,14.428019,-1,1786043103.297
Falcon-512,keygen,35,23094015,12.851474,12.847185,-1,1786043103.297
Falcon-512,keygen,36,30508627,17.051509,16.999389,-1,1786043103.297
Falcon-512,keygen,37,23996508,13.351696,13.347500,-1,1786043103.297
Falcon-512,keygen,38,25851625,14.409492,14.391593,-1,1786043103.297
Falcon-512,keygen,39,23087534,12.848252,12.844074,-1,1786043103.297
Falcon-512,keygen,40,23094867,12.852918,12.848722,-1,1786043103.297
Falcon-512,keygen,41,60997762,33.929628,33.925296,-1,1786043103.297
Falcon-512,keygen,42,25798637,14.357955,14.353611,-1,1786043103.297
Falcon-512,keygen,43,24940750,13.879381,13.875018,-1,1786043103.297
Falcon-512,keygen,44,42559095,23.679116,23.674926,-1,1786043103.297
Falcon-512,keygen,45,24946196,13.885752,13.881444,-1,1786043103.297
Falcon-512,keygen,46,26835695,14.934195,14.930278,-1,1786043103.297
Falcon-512,keygen,47,26747874,14.881233,14.875907,-1,1786043103.297
Falcon-512,keygen,48,34175337,19.015749,19.011389,-1,1786043103.297
Falcon-512,keygen,49,24944989,13.882974,13.878963,-1,1786043103.297
Falcon-512,keygen,50,55444093,30.844094,30.839741,-1,1786043103.297
Falcon-512,keygen,51,24976705,13.903047,13.898796,-1,1786043103.297
Falcon-512,keygen,52,23991660,13.348956,13.344703,-1,1786043103.297
Falcon-512,keygen,53,29501545,16.415750,16.411426,-1,1786043103.297
Falcon-512,keygen,54,26791486,14.910158,14.905871,-1,1786043103.297
Falcon-512,keygen,55,25837343,14.378862,14.374908,-1,1786043103.297
Falcon-512,keygen,56,47817863,26.600707,26.596426,-1,1786043103.297
Falcon-512,keygen,57,23089827,12.850493,12.846334,-1,1786043103.297
Falcon-512,keygen,58,27742895,15.439528,15.435296,-1,1786043103.297
Falcon-512,keygen,59,23084261,12.844437,12.840167,-1,1786043103.297
Falcon-512,keygen,60,24936223,13.879455,13.875259,-1,1786043103.297
Falcon-512,keygen,61,23990753,13.348418,13.344240,-1,1786043103.297
Falcon-512,keygen,62,24035642,13.378715,13.374667,-1,1786043103.297
Falcon-512,keygen,63,37935816,21.124840,21.120740,-1,1786043103.297
Falcon-512,keygen,64,31297850,17.414324,17.409962,-1,1786043103.297
Falcon-512,keygen,65,26746366,14.886955,14.882704,-1,1786043103.297
Falcon-512,keygen,66,25924310,14.446862,14.432019,-1,1786043103.297
Falcon-512,keygen,67,46986610,26.156448,26.140407,-1,1786043103.297
Falcon-512,keygen,68,24980978,13.904418,13.900333,-1,1786043103.297
Falcon-512,keygen,69,24033169,13.372696,13.368463,-1,1786043103.297
Falcon-512,keygen,70,34067325,18.957433,18.953278,-1,1786043103.297
Falcon-512,keygen,71,36189534,20.134711,20.130574,-1,1786043103.297
Falcon-512,keygen,72,23090685,12.848993,12.844796,-1,1786043103.297
Falcon-512,keygen,73,39601647,22.033302,22.028982,-1,1786043103.297
Falcon-512,keygen,74,31298553,17.418713,17.414537,-1,1786043103.297
Falcon-512,keygen,75,26756689,14.885584,14.881296,-1,1786043103.297
Falcon-512,keygen,76,35922208,19.987322,19.983018,-1,1786043103.297
Falcon-512,keygen,77,23995398,13.358196,13.353074,-1,1786043103.297
Falcon-512,keygen,78,40768876,22.696968,22.691018,-1,1786043103.297
Falcon-512,keygen,79,25002050,13.919955,13.915537,-1,1786043103.297
Falcon-512,keygen,80,25882717,14.412677,14.408556,-1,1786043103.297
Falcon-512,keygen,81,24944669,13.879085,13.873870,-1,1786043103.297
Falcon-512,keygen,82,27647078,15.385268,15.381074,-1,1786043103.297
Falcon-512,keygen,83,25849079,14.382603,14.378370,-1,1786043103.297
Falcon-512,keygen,84,38940834,21.668507,21.663463,-1,1786043103.297
Falcon-512,keygen,85,24028978,13.369492,13.365296,-1,1786043103.297
Falcon-512,keygen,86,32211380,17.925990,17.921852,-1,1786043103.297
Falcon-512,keygen,87,40599536,22.618247,22.597592,-1,1786043103.297
Falcon-512,keygen,88,24040688,13.381530,13.377296,-1,1786043103.297
Falcon-512,keygen,89,28635908,15.936639,15.932333,-1,1786043103.297
Falcon-512,keygen,90,30481407,16.959212,16.954944,-1,1786043103.297
Falcon-512,keygen,91,23087088,12.847548,12.843352,-1,1786043103.297
Falcon-512,keygen,92,24932296,13.877399,13.873352,-1,1786043103.297
Falcon-512,keygen,93,30524798,16.989768,16.985518,-1,1786043103.297
Falcon-512,keygen,94,24936515,13.875196,13.870889,-1,1786043103.297
Falcon-512,keygen,95,36952570,20.602099,20.572741,-1,1786043103.297
Falcon-512,keygen,96,35093350,19.521674,19.517389,-1,1786043103.297
Falcon-512,keygen,97,31469801,17.580990,17.529074,-1,1786043103.297
Falcon-512,keygen,98,33296307,18.525601,18.521389,-1,1786043103.297
Falcon-512,keygen,99,33116366,18.447878,18.431037,-1,1786043103.297
Falcon-512,sign,0,1120090,0.630611,0.624500,655,1786043105.143
Falcon-512,sign,1,1146905,0.643518,0.639222,656,1786043105.143
Falcon-512,sign,2,1122993,0.630148,0.625982,652,1786043105.143
Falcon-512,sign,3,1135756,0.637222,0.633038,654,1786043105.143
Falcon-512,sign,4,1117386,0.633111,0.628982,658,1786043105.143
Falcon-512,sign,5,1136118,0.637482,0.633185,651,1786043105.143
Falcon-512,sign,6,1146351,0.643092,0.638907,656,1786043105.143
Falcon-512,sign,7,1118846,0.627815,0.623648,654,1786043105.143
Falcon-512,sign,8,1114397,0.625351,0.621148,652,1786043105.143
Falcon-512,sign,9,1151831,0.646166,0.641926,652,1786043105.143
Falcon-512,sign,10,1147525,0.649722,0.645648,651,1786043105.143
Falcon-512,sign,11,1164775,0.653314,0.649148,655,1786043105.143
Falcon-512,sign,12,1124627,0.630962,0.626815,657,1786043105.143
Falcon-512,sign,13,1161436,0.651500,0.647278,660,1786043105.143
Falcon-512,sign,14,1130276,0.634111,0.629926,655,1786043105.143
Falcon-512,sign,15,1131961,0.635092,0.630907,651,1786043105.143
Falcon-512,sign,16,1134587,0.643999,0.639963,656,1786043105.143
Falcon-512,sign,17,1138193,0.638593,0.634352,653,1786043105.143
Falcon-512,sign,18,1145887,0.642833,0.638648,657,1786043105.143
Falcon-512,sign,19,1142449,0.640889,0.636667,655,1786043105.143
Falcon-512,sign,20,1135345,0.636907,0.632778,658,1786043105.143
Falcon-512,sign,21,1150129,0.645203,0.640981,653,1786043105.143
Falcon-512,sign,22,1148872,0.644537,0.640277,658,1786043105.143
Falcon-512,sign,23,1136258,0.643463,0.639259,655,1786043105.143
Falcon-512,sign,24,1130945,0.634555,0.630352,655,1786043105.143
Falcon-512,sign,25,1143252,0.641407,0.637167,656,1786043105.143
Falcon-512,sign,26,1123378,0.630296,0.626129,655,1786043105.143
Falcon-512,sign,27,1132970,0.635684,0.631463,653,1786043105.143
Falcon-512,sign,28,1144958,0.642295,0.638167,659,1786043105.143
Falcon-512,sign,29,1116591,0.632536,0.628445,656,1786043105.143
Falcon-512,sign,30,1146714,0.643314,0.639130,655,1786043105.143
Falcon-512,sign,31,1136116,0.637425,0.633222,657,1786043105.143
Falcon-512,sign,32,1137290,0.638056,0.633815,655,1786043105.143
Falcon-512,sign,33,1129578,0.633796,0.629611,658,1786043105.143
Falcon-512,sign,34,1142599,0.641000,0.636834,653,1786043105.143
Falcon-512,sign,35,1119314,0.633870,0.629870,653,1786043105.143
Falcon-512,sign,36,1142153,0.640833,0.636574,654,1786043105.143
Falcon-512,sign,37,1104952,0.620055,0.615833,652,1786043105.143
Falcon-512,sign,38,1143926,0.641741,0.637556,656,1786043105.143
Falcon-512,sign,39,1136635,0.637647,0.633481,653,1786043105.143
Falcon-512,sign,40,1144826,0.642240,0.638000,652,1786043105.143
Falcon-512,sign,41,1156649,0.654759,0.650796,655,1786043105.143
Falcon-512,sign,42,1139422,0.639185,0.635000,654,1786043105.143
Falcon-512,sign,43,1144971,0.642277,0.638111,652,1786043105.143
Falcon-512,sign,44,1144610,0.642166,0.637945,653,1786043105.143
Falcon-512,sign,45,1124173,0.630777,0.626574,654,1786043105.143
Falcon-512,sign,46,1117115,0.626833,0.622630,651,1786043105.143
Falcon-512,sign,47,1130629,0.634295,0.630111,654,1786043105.143
Falcon-512,sign,48,1131236,0.640926,0.636852,654,1786043105.143
Falcon-512,sign,49,1127824,0.632815,0.628611,651,1786043105.143
Falcon-512,sign,50,1134472,0.636499,0.632315,655,1786043105.143
Falcon-512,sign,51,1142159,0.640722,0.636518,655,1786043105.143
Falcon-512,sign,52,1143993,0.641796,0.637593,654,1786043105.143
Falcon-512,sign,53,1145000,0.642296,0.638111,655,1786043105.143
Falcon-512,sign,54,1132730,0.641444,0.637314,655,1786043105.143
Falcon-512,sign,55,1129808,0.633907,0.629685,658,1786043105.143
Falcon-512,sign,56,1143960,0.641814,0.637592,659,1786043105.143
Falcon-512,sign,57,1123391,0.631370,0.626129,655,1786043105.143
Falcon-512,sign,58,1142508,0.640981,0.636797,653,1786043105.143
Falcon-512,sign,59,1147312,0.643573,0.639426,657,1786043105.143
Falcon-512,sign,60,1145081,0.648277,0.644222,656,1786043105.143
Falcon-512,sign,61,1136771,0.637814,0.633611,657,1786043105.143
Falcon-512,sign,62,1150020,0.645073,0.640908,653,1786043105.143
Falcon-512,sign,63,1135456,0.637018,0.632815,657,1786043105.143
Falcon-512,sign,64,1136913,0.637907,0.633630,657,1786043105.143
Falcon-512,sign,65,1142732,0.641092,0.636889,655,1786043105.143
Falcon-512,sign,66,1135490,0.637019,0.632871,653,1786043105.143
Falcon-512,sign,67,1152418,0.654833,0.650574,656,1786043105.143
Falcon-512,sign,68,1137116,0.638055,0.633814,654,1786043105.143
Falcon-512,sign,69,1116868,0.626722,0.622519,656,1786043105.143
Falcon-512,sign,70,1129805,0.633907,0.629685,656,1786043105.143
Falcon-512,sign,71,1147143,0.643463,0.639296,655,1786043105.143
Falcon-512,sign,72,1136208,0.637537,0.633240,655,1786043105.143
Falcon-512,sign,73,1150706,0.651593,0.647482,658,1786043105.143
Falcon-512,sign,74,1136671,0.637703,0.633537,652,1786043105.143
Falcon-512,sign,75,1134997,0.636758,0.632556,653,1786043105.143
Falcon-512,sign,76,1137326,0.638148,0.633871,655,1786043105.143
Falcon-512,sign,77,1157275,0.649148,0.644982,656,1786043105.143
Falcon-512,sign,78,1120472,0.628666,0.624481,656,1786043105.143
Falcon-512,sign,79,1166058,0.660944,0.656852,657,1786043105.143
Falcon-512,sign,80,1135554,0.637092,0.632870,655,1786043105.143
Falcon-512,sign,81,1143338,0.641500,0.637259,658,1786043105.143
Falcon-512,sign,82,1142686,0.641055,0.636870,654,1786043105.143
Falcon-512,sign,83,1134082,0.636277,0.632111,655,1786043105.143
Falcon-512,sign,84,1128230,0.633074,0.628797,654,1786043105.143
Falcon-512,sign,85,1152692,0.652444,0.648407,654,1786043105.143
Falcon-512,sign,86,1115846,0.626166,0.621963,653,1786043105.143
Falcon-512,sign,87,1131494,0.634889,0.630666,657,1786043105.143
Falcon-512,sign,88,1130775,0.634463,0.630223,653,1786043105.143
Falcon-512,sign,89,1130851,0.634444,0.630260,650,1786043105.143
Falcon-512,sign,90,1128067,0.632945,0.628704,657,1786043105.143
Falcon-512,sign,91,1135571,0.637055,0.632908,652,1786043105.143
Falcon-512,sign,92,1153198,0.652722,0.648388,653,1786043105.143
Falcon-512,sign,93,1128997,0.633425,0.629241,656,1786043105.143
Falcon-512,sign,94,1135510,0.637074,0.632871,655,1786043105.143
Falcon-512,sign,95,1117500,0.627073,0.622907,655,1786043105.143
Falcon-512,sign,96,1128531,0.633241,0.629037,651,1786043105.143
Falcon-512,sign,97,1128485,0.633203,0.629037,659,1786043105.143
Falcon-512,sign,98,1147796,0.649759,0.645703,652,1786043105.143
Falcon-512,sign,99,1134964,0.636741,0.632556,651,1786043105.143
Falcon-512,verify,0,166628,0.098204,0.093537,-1,1786043105.308
Falcon-512,verify,1,166303,0.096722,0.093204,-1,1786043105.308
Falcon-512,verify,2,166208,0.096648,0.093148,-1,1786043105.308
Falcon-512,verify,3,166058,0.096574,0.093074,-1,1786043105.308
Falcon-512,verify,4,166081,0.096592,0.093092,-1,1786043105.308
Falcon-512,verify,5,166048,0.096537,0.093055,-1,1786043105.308
Falcon-512,verify,6,166021,0.096518,0.093037,-1,1786043105.308
Falcon-512,verify,7,166021,0.096537,0.093037,-1,1786043105.308
Falcon-512,verify,8,166062,0.096592,0.093074,-1,1786043105.308
Falcon-512,verify,9,166080,0.096593,0.093093,-1,1786043105.308
Falcon-512,verify,10,166068,0.096555,0.093074,-1,1786043105.308
Falcon-512,verify,11,166038,0.096555,0.093074,-1,1786043105.308
Falcon-512,verify,12,166049,0.096519,0.093056,-1,1786043105.308
Falcon-512,verify,13,166056,0.096556,0.093055,-1,1786043105.308
Falcon-512,verify,14,166061,0.096574,0.093093,-1,1786043105.308
Falcon-512,verify,15,166044,0.096537,0.093055,-1,1786043105.308
Falcon-512,verify,16,166052,0.096556,0.093056,-1,1786043105.308
Falcon-512,verify,17,166045,0.096555,0.093092,-1,1786043105.308
Falcon-512,verify,18,166052,0.096555,0.093093,-1,1786043105.308
Falcon-512,verify,19,167553,0.105852,0.101926,-1,1786043105.308
Falcon-512,verify,20,166414,0.096833,0.093278,-1,1786043105.308
Falcon-512,verify,21,166051,0.096592,0.093074,-1,1786043105.308
Falcon-512,verify,22,166027,0.096574,0.093074,-1,1786043105.308
Falcon-512,verify,23,166033,0.096537,0.093074,-1,1786043105.308
Falcon-512,verify,24,166048,0.096537,0.093074,-1,1786043105.308
Falcon-512,verify,25,166027,0.096556,0.093056,-1,1786043105.308
Falcon-512,verify,26,166231,0.096648,0.093166,-1,1786043105.308
Falcon-512,verify,27,166015,0.096556,0.093056,-1,1786043105.308
Falcon-512,verify,28,166019,0.096537,0.093055,-1,1786043105.308
Falcon-512,verify,29,166070,0.096592,0.093093,-1,1786043105.308
Falcon-512,verify,30,166112,0.096556,0.093111,-1,1786043105.308
Falcon-512,verify,31,166031,0.096518,0.093037,-1,1786043105.308
Falcon-512,verify,32,166041,0.096518,0.093056,-1,1786043105.308
Falcon-512,verify,33,166065,0.096575,0.093074,-1,1786043105.308
Falcon-512,verify,34,166266,0.096685,0.093185,-1,1786043105.308
Falcon-512,verify,35,166050,0.096537,0.093056,-1,1786043105.308
Falcon-512,verify,36,166054,0.096537,0.093074,-1,1786043105.308
Falcon-512,verify,37,166241,0.096648,0.093148,-1,1786043105.308
Falcon-512,verify,38,166043,0.096518,0.093092,-1,1786043105.308
Falcon-512,verify,39,166034,0.096518,0.093055,-1,1786043105.308
Falcon-512,verify,40,166044,0.096537,0.093093,-1,1786043105.308
Falcon-512,verify,41,166047,0.096537,0.093075,-1,1786043105.308
Falcon-512,verify,42,166042,0.096518,0.093074,-1,1786043105.308
Falcon-512,verify,43,166029,0.096537,0.093074,-1,1786043105.308
Falcon-512,verify,44,166043,0.096555,0.093074,-1,1786043105.308
Falcon-512,verify,45,166037,0.096593,0.093074,-1,1786043105.308
Falcon-512,verify,46,166047,0.096574,0.093056,-1,1786043105.308
Falcon-512,verify,47,166068,0.096574,0.093074,-1,1786043105.308
Falcon-512,verify,48,166052,0.096556,0.093074,-1,1786043105.308
Falcon-512,verify,49,166048,0.096574,0.093055,-1,1786043105.308
Falcon-512,verify,50,166047,0.096556,0.093055,-1,1786043105.308
Falcon-512,verify,51,166031,0.096555,0.093056,-1,1786043105.308
Falcon-512,verify,52,166032,0.096537,0.093037,-1,1786043105.308
Falcon-512,verify,53,166031,0.096481,0.093055,-1,1786043105.308
Falcon-512,verify,54,166017,0.096555,0.093074,-1,1786043105.308
Falcon-512,verify,55,166225,0.096666,0.093185,-1,1786043105.308
Falcon-512,verify,56,166033,0.096537,0.093075,-1,1786043105.308
Falcon-512,verify,57,166030,0.096537,0.093074,-1,1786043105.308
Falcon-512,verify,58,166020,0.096519,0.093074,-1,1786043105.308
Falcon-512,verify,59,166179,0.096648,0.093148,-1,1786043105.308
Falcon-512,verify,60,166570,0.102241,0.098389,-1,1786043105.308
Falcon-512,verify,61,166859,0.096982,0.093500,-1,1786043105.308
Falcon-512,verify,62,166045,0.096574,0.093074,-1,1786043105.308
Falcon-512,verify,63,165996,0.096519,0.093037,-1,1786043105.308
Falcon-512,verify,64,166048,0.096519,0.093056,-1,1786043105.308
Falcon-512,verify,65,166016,0.096556,0.093056,-1,1786043105.308
Falcon-512,verify,66,166011,0.096537,0.093037,-1,1786043105.308
Falcon-512,verify,67,166242,0.096648,0.093167,-1,1786043105.308
Falcon-512,verify,68,166012,0.096537,0.093055,-1,1786043105.308
Falcon-512,verify,69,166026,0.096574,0.093056,-1,1786043105.308
Falcon-512,verify,70,166015,0.096536,0.093055,-1,1786043105.308
Falcon-512,verify,71,166007,0.096519,0.093037,-1,1786043105.308
Falcon-512,verify,72,166015,0.096537,0.093056,-1,1786043105.308
Falcon-512,verify,73,166127,0.096592,0.093093,-1,1786043105.308
Falcon-512,verify,74,166016,0.096556,0.093056,-1,1786043105.308
Falcon-512,verify,75,166021,0.096518,0.093037,-1,1786043105.308
Falcon-512,verify,76,166031,0.096537,0.093055,-1,1786043105.308
Falcon-512,verify,77,166036,0.096500,0.093056,-1,1786043105.308
Falcon-512,verify,78,166031,0.096537,0.093055,-1,1786043105.308
Falcon-512,verify,79,166065,0.096574,0.093093,-1,1786043105.308
Falcon-512,verify,80,166034,0.096537,0.093037,-1,1786043105.308
Falcon-512,verify,81,166046,0.096556,0.093055,-1,1786043105.308
Falcon-512,verify,82,166036,0.096574,0.093056,-1,1786043105.308
Falcon-512,verify,83,166042,0.096481,0.093056,-1,1786043105.308
Falcon-512,verify,84,166052,0.096500,0.093055,-1,1786043105.308
Falcon-512,verify,85,166069,0.096556,0.093092,-1,1786043105.308
Falcon-512,verify,86,166053,0.096537,0.093055,-1,1786043105.308
Falcon-512,verify,87,166087,0.096611,0.093093,-1,1786043105.308
Falcon-512,verify,88,166106,0.096555,0.093092,-1,1786043105.308
Falcon-512,verify,89,166071,0.096574,0.093093,-1,1786043105.308
Falcon-512,verify,90,166064,0.096555,0.093055,-1,1786043105.308
Falcon-512,verify,91,166030,0.096556,0.093037,-1,1786043105.308
Falcon-512,verify,92,166087,0.096592,0.093092,-1,1786043105.308
Falcon-512,verify,93,166022,0.096537,0.093055,-1,1786043105.308
Falcon-512,verify,94,166031,0.096518,0.093074,-1,1786043105.308
Falcon-512,verify,95,166009,0.096556,0.093037,-1,1786043105.308
Falcon-512,verify,96,166020,0.096537,0.093056,-1,1786043105.308
Falcon-512,verify,97,166032,0.096555,0.093037,-1,1786043105.308
Falcon-512,verify,98,165985,0.096574,0.093037,-1,1786043105.308
Falcon-512,verify,99,166008,0.096537,0.093037,-1,1786043105.308
Falcon-512,verify_invalid,0,166168,0.097704,0.093203,-1,1786043105.418
Falcon-512,verify_invalid,1,165847,0.096463,0.092963,-1,1786043105.418
Falcon-512,verify_invalid,2,165803,0.096371,0.092926,-1,1786043105.418
Falcon-512,verify_invalid,3,165798,0.096426,0.092926,-1,1786043105.418
Falcon-512,verify_invalid,4,165719,0.096371,0.092870,-1,1786043105.418
Falcon-512,verify_invalid,5,165778,0.096444,0.092926,-1,1786043105.418
Falcon-512,verify_invalid,6,165762,0.096370,0.092907,-1,1786043105.418
Falcon-512,verify_invalid,7,165759,0.096408,0.092908,-1,1786043105.418
Falcon-512,verify_invalid,8,165690,0.096370,0.092889,-1,1786043105.418
Falcon-512,verify_invalid,9,165732,0.096370,0.092888,-1,1786043105.418
Falcon-512,verify_invalid,10,165685,0.096352,0.092852,-1,1786043105.418
Falcon-512,verify_invalid,11,165704,0.096352,0.092889,-1,1786043105.418
Falcon-512,verify_invalid,12,165874,0.096445,0.092982,-1,1786043105.418
Falcon-512,verify_invalid,13,165712,0.096370,0.092870,-1,1786043105.418
Falcon-512,verify_invalid,14,165748,0.096407,0.092908,-1,1786043105.418
Falcon-512,verify_invalid,15,165704,0.096389,0.092889,-1,1786043105.418
Falcon-512,verify_invalid,16,165769,0.096370,0.092907,-1,1786043105.418
Falcon-512,verify_invalid,17,165712,0.096388,0.092889,-1,1786043105.418
Falcon-512,verify_invalid,18,165737,0.096351,0.092908,-1,1786043105.418
Falcon-512,verify_invalid,19,165711,0.096370,0.092871,-1,1786043105.418
Falcon-512,verify_invalid,20,165738,0.096389,0.092907,-1,1786043105.418
Falcon-512,verify_invalid,21,165720,0.096370,0.092908,-1,1786043105.418
Falcon-512,verify_invalid,22,165668,0.096315,0.092852,-1,1786043105.418
Falcon-512,verify_invalid,23,165738,0.096389,0.092889,-1,1786043105.418
Falcon-512,verify_invalid,24,165975,0.096482,0.093019,-1,1786043105.418
Falcon-512,verify_invalid,25,165696,0.096314,0.092870,-1,1786043105.418
Falcon-512,verify_invalid,26,165705,0.096333,0.092889,-1,1786043105.418
Falcon-512,verify_invalid,27,165692,0.096333,0.092870,-1,1786043105.418
Falcon-512,verify_invalid,28,165742,0.096407,0.092907,-1,1786043105.418
Falcon-512,verify_invalid,29,165892,0.096444,0.092963,-1,1786043105.418
Falcon-512,verify_invalid,30,165749,0.096389,0.092926,-1,1786043105.418
Falcon-512,verify_invalid,31,165740,0.096389,0.092907,-1,1786043105.418
Falcon-512,verify_invalid,32,165765,0.096426,0.092908,-1,1786043105.418
Falcon-512,verify_invalid,33,165737,0.096351,0.092907,-1,1786043105.418
Falcon-512,verify_invalid,34,165710,0.096352,0.092889,-1,1786043105.418
Falcon-512,verify_invalid,35,165746,0.096371,0.092907,-1,1786043105.418
Falcon-512,verify_invalid,36,165772,0.096426,0.092925,-1,1786043105.418
Falcon-512,verify_invalid,37,165701,0.096351,0.092889,-1,1786043105.418
Falcon-512,verify_invalid,38,165759,0.096407,0.092907,-1,1786043105.418
Falcon-512,verify_invalid,39,165734,0.096370,0.092889,-1,1786043105.418
Falcon-512,verify_invalid,40,167721,0.109037,0.105055,-1,1786043105.418
Falcon-512,verify_invalid,41,166333,0.096759,0.093241,-1,1786043105.418
Falcon-512,verify_invalid,42,165789,0.096445,0.092945,-1,1786043105.418
Falcon-512,verify_invalid,43,165763,0.096389,0.092908,-1,1786043105.418
Falcon-512,verify_invalid,44,165801,0.096407,0.092944,-1,1786043105.418
Falcon-512,verify_invalid,45,165737,0.096370,0.092908,-1,1786043105.418
Falcon-512,verify_invalid,46,165748,0.096371,0.092889,-1,1786043105.418
Falcon-512,verify_invalid,47,165777,0.096371,0.092907,-1,1786043105.418
Falcon-512,verify_invalid,48,165799,0.096444,0.092945,-1,1786043105.418
Falcon-512,verify_invalid,49,165881,0.096482,0.092982,-1,1786043105.418
Falcon-512,verify_invalid,50,165798,0.096426,0.092926,-1,1786043105.418
Falcon-512,verify_invalid,51,165763,0.096407,0.092907,-1,1786043105.418
Falcon-512,verify_invalid,52,165795,0.096426,0.092926,-1,1786043105.418
Falcon-512,verify_invalid,53,165748,0.096389,0.092907,-1,1786043105.418
Falcon-512,verify_invalid,54,165783,0.096407,0.092907,-1,1786043105.418
Falcon-512,verify_invalid,55,165760,0.096370,0.092907,-1,1786043105.418
Falcon-512,verify_invalid,56,165772,0.096352,0.092908,-1,1786043105.418
Falcon-512,verify_invalid,57,166213,0.096611,0.093148,-1,1786043105.418
Falcon-512,verify_invalid,58,165777,0.096408,0.092926,-1,1786043105.418
Falcon-512,verify_invalid,59,165717,0.096389,0.092889,-1,1786043105.418
Falcon-512,verify_invalid,60,165770,0.096408,0.092907,-1,1786043105.418
Falcon-512,verify_invalid,61,165702,0.096388,0.092889,-1,1786043105.418
Falcon-512,verify_invalid,62,165780,0.096408,0.092926,-1,1786043105.418
Falcon-512,verify_invalid,63,165712,0.096371,0.092889,-1,1786043105.418
Falcon-512,verify_invalid,64,165765,0.096408,0.092908,-1,1786043105.418
Falcon-512,verify_invalid,65,165703,0.096388,0.092870,-1,1786043105.418
Falcon-512,verify_invalid,66,165782,0.096389,0.092925,-1,1786043105.418
Falcon-512,verify_invalid,67,165755,0.096370,0.092926,-1,1786043105.418
Falcon-512,verify_invalid,68,165759,0.096407,0.092889,-1,1786043105.418
Falcon-512,verify_invalid,69,165827,0.096426,0.092944,-1,1786043105.418
Falcon-512,verify_invalid,70,165781,0.096370,0.092907,-1,1786043105.418
Falcon-512,verify_invalid,71,165765,0.096370,0.092889,-1,1786043105.418
Falcon-512,verify_invalid,72,165765,0.096371,0.092926,-1,1786043105.418
Falcon-512,verify_invalid,73,165924,0.096481,0.093000,-1,1786043105.418
Falcon-512,verify_invalid,74,165894,0.096463,0.092982,-1,1786043105.418
Falcon-512,verify_invalid,75,165742,0.096388,0.092889,-1,1786043105.418
Falcon-512,verify_invalid,76,165788,0.096408,0.092926,-1,1786043105.418
Falcon-512,verify_invalid,77,165779,0.096426,0.092944,-1,1786043105.418
Falcon-512,verify_invalid,78,165793,0.096389,0.092926,-1,1786043105.418
Falcon-512,verify_invalid,79,165778,0.096408,0.092944,-1,1786043105.418
Falcon-512,verify_invalid,80,165785,0.096352,0.092926,-1,1786043105.418
Falcon-512,verify_invalid,81,166310,0.102278,0.098537,-1,1786043105.418
Falcon-512,verify_invalid,82,166651,0.096852,0.093388,-1,1786043105.418
Falcon-512,verify_invalid,83,165825,0.096444,0.092981,-1,1786043105.418
Falcon-512,verify_invalid,84,165871,0.096444,0.092981,-1,1786043105.418
Falcon-512,verify_invalid,85,165772,0.096389,0.092907,-1,1786043105.418
Falcon-512,verify_invalid,86,165828,0.096463,0.092945,-1,1786043105.418
Falcon-512,verify_invalid,87,165916,0.096463,0.093000,-1,1786043105.418
Falcon-512,verify_invalid,88,165795,0.096389,0.092926,-1,1786043105.418
Falcon-512,verify_invalid,89,165814,0.096426,0.092926,-1,1786043105.418
Falcon-512,verify_invalid,90,165811,0.096426,0.092926,-1,1786043105.418
Falcon-512,verify_invalid,91,165783,0.096389,0.092908,-1,1786043105.418
Falcon-512,verify_invalid,92,165789,0.096389,0.092926,-1,1786043105.418
Falcon-512,verify_invalid,93,165761,0.096389,0.092908,-1,1786043105.418
Falcon-512,verify_invalid,94,166031,0.096519,0.093056,-1,1786043105.418
Falcon-512,verify_invalid,95,165769,0.096389,0.092926,-1,1786043105.418
Falcon-512,verify_invalid,96,165775,0.096389,0.092907,-1,1786043105.418
Falcon-512,verify_invalid,97,165773,0.096389,0.092926,-1,1786043105.418
Falcon-512,verify_invalid,98,165747,0.096408,0.092907,-1,1786043105.418
Falcon-512,verify_invalid,99,165767,0.096370,0.092926,-1,1786043105.418
